<?xml version="1.0" encoding="UTF-8"?>
<!DOCTYPE manifest PUBLIC "-//MECA//DTD Manifest v1.0//en" "MECA_manifest.dtd">
<manifest manifest-version="1" xmlns="https://manuscriptexchange.org/schema/manifest" xmlns:xlink="http://www.w3.org/1999/xlink">
  <item item-type="article-metadata">
    <instance media-type="text/xml" xlink:href="index.xml"/>
  </item>
  <item item-type="manuscript-supporting-file">
    <instance media-type="image/png" xlink:href="media/image1.png"/>
  </item>
  <item item-type="manuscript-supporting-file">
    <instance media-type="application/octet-stream" xlink:href="review.qmd"/>
  </item>
  <item item-type="manuscript-supporting-file">
    <instance media-type="text/markdown" xlink:href="extract.md"/>
  </item>
  <item item-type="manuscript-supporting-file">
    <instance media-type="application/octet-stream" xlink:href="extract.qmd"/>
  </item>
  <item item-type="manuscript-supporting-file">
    <instance media-type="text/markdown" xlink:href="static/fonts/Libertinus-7.051/CONTRIBUTING.md"/>
  </item>
  <item item-type="manuscript-supporting-file">
    <instance media-type="text/markdown" xlink:href="review.md"/>
  </item>
  <item item-type="article-source">
    <instance media-type="application/octet-stream" xlink:href="source/.Rprofile"/>
  </item>
  <item item-type="article-source">
    <instance media-type="application/octet-stream" xlink:href="source/.github/workflows/publish.yml"/>
  </item>
  <item item-type="article-source">
    <instance media-type="application/octet-stream" xlink:href="source/.gitignore"/>
  </item>
  <item item-type="article-source">
    <instance media-type="application/octet-stream" xlink:href="source/.quartoignore"/>
  </item>
  <item item-type="article-source">
    <instance media-type="application/vnd.openxmlformats-officedocument.wordprocessingml.document" xlink:href="source/ADHD-Adults-Diagnosis-Draft-Report.docx"/>
  </item>
  <item item-type="article-source">
    <instance media-type="application/vnd.openxmlformats-officedocument.wordprocessingml.document" xlink:href="source/ANNALS-24-03679R2 clean.docx"/>
  </item>
  <item item-type="article-source">
    <instance media-type="application/octet-stream" xlink:href="source/LICENSE"/>
  </item>
  <item item-type="article-source">
    <instance media-type="application/octet-stream" xlink:href="source/_extensions/andrewheiss/hikmah-manuscript/_extension.yml"/>
  </item>
  <item item-type="article-source">
    <instance media-type="text/plain" xlink:href="source/_extensions/andrewheiss/hikmah-manuscript/include-in-header.tex"/>
  </item>
  <item item-type="article-source">
    <instance media-type="text/plain" xlink:href="source/_extensions/andrewheiss/hikmah-manuscript/partials/before-body.tex"/>
  </item>
  <item item-type="article-source">
    <instance media-type="text/plain" xlink:href="source/_extensions/andrewheiss/hikmah-manuscript/partials/title.tex"/>
  </item>
  <item item-type="article-source">
    <instance media-type="application/vnd.openxmlformats-officedocument.wordprocessingml.document" xlink:href="source/_extensions/andrewheiss/hikmah-manuscript/styles/reference.docx"/>
  </item>
  <item item-type="article-source">
    <instance media-type="application/octet-stream" xlink:href="source/_extensions/andrewheiss/hikmah-manuscript/styles/reference.odt"/>
  </item>
  <item item-type="article-source">
    <instance media-type="application/octet-stream" xlink:href="source/_extensions/andrewheiss/hikmah-manuscript/templates/odt-manuscript.odt"/>
  </item>
  <item item-type="article-source">
    <instance media-type="application/octet-stream" xlink:href="source/_extensions/andrewheiss/hikmah-response/.gitignore"/>
  </item>
  <item item-type="article-source">
    <instance media-type="application/octet-stream" xlink:href="source/_extensions/andrewheiss/hikmah-response/_extension.yml"/>
  </item>
  <item item-type="article-source">
    <instance media-type="text/plain" xlink:href="source/_extensions/andrewheiss/hikmah-response/include-in-header.typ"/>
  </item>
  <item item-type="article-source">
    <instance media-type="application/octet-stream" xlink:href="source/_extensions/andrewheiss/hikmah-response/response.lua"/>
  </item>
  <item item-type="article-source">
    <instance media-type="text/plain" xlink:href="source/_extensions/andrewheiss/hikmah-response/typst-template.typ"/>
  </item>
  <item item-type="article-source">
    <instance media-type="application/octet-stream" xlink:href="source/_extensions/andrewheiss/hikmah/_extension.yml"/>
  </item>
  <item item-type="article-source">
    <instance media-type="text/plain" xlink:href="source/_extensions/andrewheiss/hikmah/include-in-header.tex"/>
  </item>
  <item item-type="article-source">
    <instance media-type="text/plain" xlink:href="source/_extensions/andrewheiss/hikmah/partials/before-body.tex"/>
  </item>
  <item item-type="article-source">
    <instance media-type="text/html" xlink:href="source/_extensions/andrewheiss/hikmah/partials/title-block.html"/>
  </item>
  <item item-type="article-source">
    <instance media-type="text/plain" xlink:href="source/_extensions/andrewheiss/hikmah/partials/title.tex"/>
  </item>
  <item item-type="article-source">
    <instance media-type="application/octet-stream" xlink:href="source/_extensions/andrewheiss/hikmah/styles/pretty.scss"/>
  </item>
  <item item-type="article-source">
    <instance media-type="application/octet-stream" xlink:href="source/_extensions/kazuyanagimoto/academic/_extension.yml"/>
  </item>
  <item item-type="article-source">
    <instance media-type="application/octet-stream" xlink:href="source/_extensions/kazuyanagimoto/academic/shortcodes.lua"/>
  </item>
  <item item-type="article-source">
    <instance media-type="text/plain" xlink:href="source/_extensions/kazuyanagimoto/academic/typst-show.typ"/>
  </item>
  <item item-type="article-source">
    <instance media-type="text/plain" xlink:href="source/_extensions/kazuyanagimoto/academic/typst-template.typ"/>
  </item>
  <item item-type="article-source">
    <instance media-type="image/jpeg" xlink:href="source/_manuscript/img/hokusai_kanagawa.jpg"/>
  </item>
  <item item-type="article-source">
    <instance media-type="application/octet-stream" xlink:href="source/_quarto.yml"/>
  </item>
  <item item-type="article-source">
    <instance media-type="application/octet-stream" xlink:href="source/annals-of-medicine.code-workspace"/>
  </item>
  <item item-type="article-source">
    <instance media-type="application/vnd.openxmlformats-officedocument.wordprocessingml.document" xlink:href="source/extract.docx"/>
  </item>
  <item item-type="article-source">
    <instance media-type="text/markdown" xlink:href="source/extract.md"/>
  </item>
  <item item-type="article-source">
    <instance media-type="image/jpeg" xlink:href="source/img/hokusai_kanagawa.jpg"/>
  </item>
  <item item-type="article-source">
    <instance media-type="image/svg+xml" xlink:href="source/img/thumbnail.svg"/>
  </item>
  <item item-type="article-source">
    <instance media-type="application/octet-stream" xlink:href="source/index.qmd"/>
  </item>
  <item item-type="article-source">
    <instance media-type="application/octet-stream" xlink:href="source/references.bib"/>
  </item>
  <item item-type="article-source">
    <instance media-type="text/markdown" xlink:href="source/review.md"/>
  </item>
  <item item-type="article-source">
    <instance media-type="application/octet-stream" xlink:href="source/review.qmd"/>
  </item>
  <item item-type="article-source">
    <instance media-type="application/vnd.openxmlformats-officedocument.wordprocessingml.document" xlink:href="source/~$NALS-24-03679R2 clean.docx"/>
  </item>
  <item item-type="article-source">
    <instance media-type="application/vnd.openxmlformats-officedocument.wordprocessingml.document" xlink:href="source/~$xtract.docx"/>
  </item>
  <item item-type="article-source-directory">
    <instance media-type="application/x-directory" xlink:href="source"/>
  </item>
</manifest>